phone_number;client_name
78123260000;Office Billing
78123260037;Иванов Иван Иванович
78123260074;User 002
78123260111;User 003
78123260148;User 004
78123260185;User 005
78123260222;User 006
78123260259;User 007
78123260296;User 008
78123260333;User 009
78123260370;User 010
78123260407;User 011
78123260444;User 012
78123260481;User 013
78123260518;User 014
78123260555;User 015
78123260592;User 016
78123260629;User 017
78123260666;User 018
78123260703;User 019
78123260740;User 020
78123260777;User 021
78123260814;User 022
78123260851;User 023
78123260888;User 024
78123260925;User 025
78123260962;User 026
78123260999;User 027
78123261036;User 028
78123261073;User 029
78123261110;User 030
78123261147;User 031
78123261184;User 032
78123261221;User 033
78123261258;User 034
78123261295;User 035
78123261332;User 036
78123261369;User 037
78123261406;User 038
78123261443;User 039
78123261480;User 040
78123261517;User 041
78123261554;User 042
78123261591;User 043
78123261628;User 044
78123261665;User 045
78123261702;User 046
78123261739;User 047
78123261776;User 048
78123261813;User 049
78123261850;User 050
78123261887;User 051
78123261924;User 052
78123261961;User 053
78123261998;User 054
78123262035;User 055
78123262072;User 056
78123262109;User 057
78123262146;User 058
78123262183;User 059
78123262220;User 060
78123262257;User 061
78123262294;User 062
78123262331;User 063
78123262368;User 064
78123262405;User 065
78123262442;User 066
78123262479;User 067
78123262516;User 068
78123262553;User 069
78123262590;User 070
78123262627;User 071
78123262664;User 072
78123262701;User 073
78123262738;User 074
78123262775;User 075
78123262812;User 076
78123262849;User 077
78123262886;User 078
78123262923;User 079
78123262960;User 080
78123262997;User 081
78123263034;User 082
78123263071;User 083
78123263108;User 084
78123263145;User 085
78123263182;User 086
78123263219;User 087
78123263256;User 088
78123263293;User 089
78123263330;User 090
78123263367;User 091
78123263404;User 092
78123263441;User 093
78123263478;User 094
78123263515;User 095
78123263552;User 096
78123263589;User 097
78123263626;User 098
78123263663;User 099
78123263700;User 100
78123263737;User 101
78123263774;User 102
78123263811;User 103
78123263848;User 104
78123263885;User 105
78123263922;User 106
78123263959;User 107
78123263996;User 108
78123264033;User 109
78123264070;User 110
78123264107;User 111
78123264144;User 112
78123264181;User 113
78123264218;User 114
78123264255;User 115
78123264292;User 116
78123264329;User 117
78123264366;User 118
78123264403;User 119
78123264440;User 120
78123264477;User 121
78123264514;User 122
78123264551;User 123
78123264588;User 124
78123264625;User 125
78123264662;User 126
78123264699;User 127
78123264736;User 128
78123264773;User 129
78123264810;User 130
78123264847;User 131
78123264884;User 132
78123264921;User 133
78123264958;User 134
78123264995;User 135
78123265032;User 136
78123265069;User 137
78123265106;User 138
78123265143;User 139
78123265180;User 140
78123265217;User 141
78123265254;User 142
78123265291;User 143
78123265328;User 144
78123265365;User 145
78123265402;User 146
78123265439;User 147
78123265476;User 148
78123265513;User 149
78123265550;User 150
78123265587;User 151
78123265624;User 152
78123265661;User 153
78123265698;User 154
78123265735;User 155
78123265772;User 156
78123265809;User 157
78123265846;User 158
78123265883;User 159
78123265920;User 160
78123265957;User 161
78123265994;User 162
78123266031;User 163
78123266068;User 164
78123266105;User 165
78123266142;User 166
78123266179;User 167
78123266216;User 168
78123266253;User 169
78123266290;User 170
78123266327;User 171
78123266364;User 172
78123266401;User 173
78123266438;User 174
78123266475;User 175
78123266512;User 176
78123266549;User 177
78123266586;User 178
78123266623;User 179
78123266660;User 180
78123266697;User 181
78123266734;User 182
78123266771;User 183
78123266808;User 184
78123266845;User 185
78123266882;User 186
78123266919;User 187
78123266956;User 188
78123266993;User 189
78123267030;User 190
78123267067;User 191
78123267104;User 192
78123267141;User 193
78123267178;User 194
78123267215;User 195
78123267252;User 196
78123267289;User 197
78123267326;User 198
78123267363;User 199
78123267400;User 200
78123267437;User 201
78123267474;User 202
78123267511;User 203
78123267548;User 204
78123267585;User 205
78123267622;User 206
78123267659;User 207
78123267696;User 208
78123267733;User 209
78123267770;User 210
78123267807;User 211
78123267844;User 212
78123267881;User 213
78123267918;User 214
78123267955;User 215
78123267992;User 216
78123268029;User 217
78123268066;User 218
78123268103;User 219
78123268140;User 220
78123268177;User 221
78123268214;User 222
78123268251;User 223
78123268288;User 224
78123268325;User 225
78123268362;User 226
78123268399;User 227
78123268436;User 228
78123268473;User 229
78123268510;User 230
78123268547;User 231
78123268584;User 232
78123268621;User 233
78123268658;User 234
78123268695;User 235
78123268732;User 236
78123268769;User 237
78123268806;User 238
78123268843;User 239
78123268880;User 240
78123268917;User 241
78123268954;User 242
78123268991;User 243
78123269028;User 244
78123269065;User 245
78123269102;User 246
78123269139;User 247
78123269176;User 248
78123269213;User 249
78123269250;User 250
78123269287;User 251
78123269324;User 252
78123269361;User 253
78123269398;User 254
78123269435;User 255
78123269472;User 256
78123269509;User 257
78123269546;User 258
78123269583;User 259
78123269620;User 260
78123269657;User 261
78123269694;User 262
78123269731;User 263
78123269768;User 264
78123269805;User 265
78123269842;User 266
78123269879;User 267
78123269916;User 268
78123269953;User 269
78123269990;User 270
78123270027;User 271
78123270064;User 272
78123270101;User 273
78123270138;User 274
78123270175;User 275
78123270212;User 276
78123270249;User 277
78123270286;User 278
78123270323;User 279
78123270360;User 280
78123270397;User 281
78123270434;User 282
78123270471;User 283
78123270508;User 284
78123270545;User 285
78123270582;User 286
78123270619;User 287
78123270656;User 288
78123270693;User 289
78123270730;User 290
78123270767;User 291
78123270804;User 292
78123270841;User 293
78123270878;User 294
78123270915;User 295
78123270952;User 296
78123270989;User 297
78123271026;User 298
78123271063;User 299
78123271100;User 300
78123271137;User 301
78123271174;User 302
78123271211;User 303
78123271248;User 304
78123271285;User 305
78123271322;User 306
78123271359;User 307
78123271396;User 308
78123271433;User 309
78123271470;User 310
78123271507;User 311
78123271544;User 312
78123271581;User 313
78123271618;User 314
78123271655;User 315
78123271692;User 316
78123271729;User 317
78123271766;User 318
78123271803;User 319
78123271840;User 320
78123271877;User 321
78123271914;User 322
78123271951;User 323
78123271988;User 324
78123272025;User 325
78123272062;User 326
78123272099;User 327
78123272136;User 328
78123272173;User 329
78123272210;User 330
78123272247;User 331
78123272284;User 332
78123272321;User 333
78123272358;User 334
78123272395;User 335
78123272432;User 336
78123272469;User 337
78123272506;User 338
78123272543;User 339
78123272580;User 340
78123272617;User 341
78123272654;User 342
78123272691;User 343
78123272728;User 344
78123272765;User 345
78123272802;User 346
78123272839;User 347
78123272876;User 348
78123272913;User 349
78123272950;User 350
78123272987;User 351
78123273024;User 352
78123273061;User 353
78123273098;User 354
78123273135;User 355
78123273172;User 356
78123273209;User 357
78123273246;User 358
78123273283;User 359
78123273320;User 360
78123273357;User 361
78123273394;User 362
78123273431;User 363
78123273468;User 364
78123273505;User 365
78123273542;User 366
78123273579;User 367
78123273616;User 368
78123273653;User 369
78123273690;User 370
78123273727;User 371
78123273764;User 372
78123273801;User 373
78123273838;User 374
78123273875;User 375
78123273912;User 376
78123273949;User 377
78123273986;User 378
78123274023;User 379
78123274060;User 380
78123274097;User 381
78123274134;User 382
78123274171;User 383
78123274208;User 384
78123274245;User 385
78123274282;User 386
78123274319;User 387
78123274356;User 388
78123274393;User 389
78123274430;User 390
78123274467;User 391
78123274504;User 392
78123274541;User 393
78123274578;User 394
78123274615;User 395
78123274652;User 396
78123274689;User 397
78123274726;User 398
78123274763;User 399
78123274800;User 400
78123274837;User 401
78123274874;User 402
78123274911;User 403
78123274948;User 404
78123274985;User 405
78123275022;User 406
78123275059;User 407
78123275096;User 408
78123275133;User 409
78123275170;User 410
78123275207;User 411
78123275244;User 412
78123275281;User 413
78123275318;User 414
78123275355;User 415
78123275392;User 416
78123275429;User 417
78123275466;User 418
78123275503;User 419
78123275540;User 420
78123275577;User 421
78123275614;User 422
78123275651;User 423
78123275688;User 424
78123275725;User 425
78123275762;User 426
78123275799;User 427
78123275836;User 428
78123275873;User 429
78123275910;User 430
78123275947;User 431
78123275984;User 432
78123276021;User 433
78123276058;User 434
78123276095;User 435
78123276132;User 436
78123276169;User 437
78123276206;User 438
78123276243;User 439
78123276280;User 440
78123276317;User 441
78123276354;User 442
78123276391;User 443
78123276428;User 444
78123276465;User 445
78123276502;User 446
78123276539;User 447
78123276576;User 448
78123276613;User 449
78123276650;User 450
78123276687;User 451
78123276724;User 452
78123276761;User 453
78123276798;User 454
78123276835;User 455
78123276872;User 456
78123276909;User 457
78123276946;User 458
78123276983;User 459
78123277020;User 460
78123277057;User 461
78123277094;User 462
78123277131;User 463
78123277168;User 464
78123277205;User 465
78123277242;User 466
78123277279;User 467
78123277316;User 468
78123277353;User 469
78123277390;User 470
78123277427;User 471
78123277464;User 472
78123277501;User 473
78123277538;User 474
78123277575;User 475
78123277612;User 476
78123277649;User 477
78123277686;User 478
78123277723;User 479
78123277760;User 480
78123277797;User 481
78123277834;User 482
78123277871;User 483
78123277908;User 484
78123277945;User 485
78123277982;User 486
78123278019;User 487
78123278056;User 488
78123278093;User 489
78123278130;User 490
78123278167;User 491
78123278204;User 492
78123278241;User 493
78123278278;User 494
78123278315;User 495
78123278352;User 496
78123278389;User 497
78123278426;User 498
78123278463;User 499
78123278500;User 500
78123278537;User 501
78123278574;User 502
78123278611;User 503
78123278648;User 504
78123278685;User 505
78123278722;User 506
78123278759;User 507
78123278796;User 508
78123278833;User 509
78123278870;User 510
78123278907;User 511
78123278944;User 512
78123278981;User 513
78123279018;User 514
78123279055;User 515
78123279092;User 516
78123279129;User 517
78123279166;User 518
78123279203;User 519
78123279240;User 520
78123279277;User 521
78123279314;User 522
78123279351;User 523
78123279388;User 524
78123279425;User 525
78123279462;User 526
78123279499;User 527
78123279536;User 528
78123279573;User 529
78123279610;User 530
78123279647;User 531
78123279684;User 532
78123279721;User 533
78123279758;User 534
78123279795;User 535
78123279832;User 536
78123279869;User 537
78123279906;User 538
78123279943;User 539
78123279980;User 540
78123280017;User 541
78123280054;User 542
78123280091;User 543
78123280128;User 544
78123280165;User 545
78123280202;User 546
78123280239;User 547
78123280276;User 548
78123280313;User 549
78123280350;User 550
78123280387;User 551
78123280424;User 552
78123280461;User 553
78123280498;User 554
78123280535;User 555
78123280572;User 556
78123280609;User 557
78123280646;User 558
78123280683;User 559
78123280720;User 560
78123280757;User 561
78123280794;User 562
78123280831;User 563
78123280868;User 564
78123280905;User 565
78123280942;User 566
78123280979;User 567
78123281016;User 568
78123281053;User 569
78123281090;User 570
78123281127;User 571
78123281164;User 572
78123281201;User 573
78123281238;User 574
78123281275;User 575
78123281312;User 576
78123281349;User 577
78123281386;User 578
78123281423;User 579
78123281460;User 580
78123281497;User 581
78123281534;User 582
78123281571;User 583
78123281608;User 584
78123281645;User 585
78123281682;User 586
78123281719;User 587
78123281756;User 588
78123281793;User 589
78123281830;User 590
78123281867;User 591
78123281904;User 592
78123281941;User 593
78123281978;User 594
78123282015;User 595
78123282052;User 596
78123282089;User 597
78123282126;User 598
78123282163;User 599
78123282200;User 600
78123282237;User 601
78123282274;User 602
78123282311;User 603
78123282348;User 604
78123282385;User 605
78123282422;User 606
78123282459;User 607
78123282496;User 608
78123282533;User 609
78123282570;User 610
78123282607;User 611
78123282644;User 612
78123282681;User 613
78123282718;User 614
78123282755;User 615
78123282792;User 616
78123282829;User 617
78123282866;User 618
78123282903;User 619
78123282940;User 620
78123282977;User 621
78123283014;User 622
78123283051;User 623
78123283088;User 624
78123283125;User 625
78123283162;User 626
78123283199;User 627
78123283236;User 628
78123283273;User 629
78123283310;User 630
78123283347;User 631
78123283384;User 632
78123283421;User 633
78123283458;User 634
78123283495;User 635
78123283532;User 636
78123283569;User 637
78123283606;User 638
78123283643;User 639
78123283680;User 640
78123283717;User 641
78123283754;User 642
78123283791;User 643
78123283828;User 644
78123283865;User 645
78123283902;User 646
78123283939;User 647
78123283976;User 648
78123284013;User 649
78123284050;User 650
78123284087;User 651
78123284124;User 652
78123284161;User 653
78123284198;User 654
78123284235;User 655
78123284272;User 656
78123284309;User 657
78123284346;User 658
78123284383;User 659
78123284420;User 660
78123284457;User 661
78123284494;User 662
78123284531;User 663
78123284568;User 664
78123284605;User 665
78123284642;User 666
78123284679;User 667
78123284716;User 668
78123284753;User 669
78123284790;User 670
78123284827;User 671
78123284864;User 672
78123284901;User 673
78123284938;User 674
78123284975;User 675
78123285012;User 676
78123285049;User 677
78123285086;User 678
78123285123;User 679
78123285160;User 680
78123285197;User 681
78123285234;User 682
78123285271;User 683
78123285308;User 684
78123285345;User 685
78123285382;User 686
78123285419;User 687
78123285456;User 688
78123285493;User 689
78123285530;User 690
78123285567;User 691
78123285604;User 692
78123285641;User 693
78123285678;User 694
78123285715;User 695
78123285752;User 696
78123285789;User 697
78123285826;User 698
78123285863;User 699
78123285900;User 700
78123285937;User 701
78123285974;User 702
78123286011;User 703
78123286048;User 704
78123286085;User 705
78123286122;User 706
78123286159;User 707
78123286196;User 708
78123286233;User 709
78123286270;User 710
78123286307;User 711
78123286344;User 712
78123286381;User 713
78123286418;User 714
78123286455;User 715
78123286492;User 716
78123286529;User 717
78123286566;User 718
78123286603;User 719
78123286640;User 720
78123286677;User 721
78123286714;User 722
78123286751;User 723
78123286788;User 724
78123286825;User 725
78123286862;User 726
78123286899;User 727
78123286936;User 728
78123286973;User 729
78123287010;User 730
78123287047;User 731
78123287084;User 732
78123287121;User 733
78123287158;User 734
78123287195;User 735
78123287232;User 736
78123287269;User 737
78123287306;User 738
78123287343;User 739
78123287380;User 740
78123287417;User 741
78123287454;User 742
78123287491;User 743
78123287528;User 744
78123287565;User 745
78123287602;User 746
78123287639;User 747
78123287676;User 748
78123287713;User 749
78123287750;User 750
78123287787;User 751
78123287824;User 752
78123287861;User 753
78123287898;User 754
78123287935;User 755
78123287972;User 756
78123288009;User 757
78123288046;User 758
78123288083;User 759
78123288120;User 760
78123288157;User 761
78123288194;User 762
78123288231;User 763
78123288268;User 764
78123288305;User 765
78123288342;User 766
78123288379;User 767
78123288416;User 768
78123288453;User 769
78123288490;User 770
78123288527;User 771
78123288564;User 772
78123288601;User 773
78123288638;User 774
78123288675;User 775
78123288712;User 776
78123288749;User 777
78123288786;User 778
78123288823;User 779
78123288860;User 780
78123288897;User 781
78123288934;User 782
78123288971;User 783
78123289008;User 784
78123289045;User 785
78123289082;User 786
78123289119;User 787
78123289156;User 788
78123289193;User 789
78123289230;User 790
78123289267;User 791
78123289304;User 792
78123289341;User 793
78123289378;User 794
78123289415;User 795
78123289452;User 796
78123289489;User 797
78123289526;User 798
78123289563;User 799
78123289600;User 800
78123289637;User 801
78123289674;User 802
78123289711;User 803
78123289748;User 804
78123289785;User 805
78123289822;User 806
78123289859;User 807
78123289896;User 808
78123289933;User 809
78123289970;User 810
78123290007;User 811
78123290044;User 812
78123290081;User 813
78123290118;User 814
78123290155;User 815
78123290192;User 816
78123290229;User 817
78123290266;User 818
78123290303;User 819
78123290340;User 820
78123290377;User 821
78123290414;User 822
78123290451;User 823
78123290488;User 824
78123290525;User 825
78123290562;User 826
78123290599;User 827
78123290636;User 828
78123290673;User 829
78123290710;User 830
78123290747;User 831
78123290784;User 832
78123290821;User 833
78123290858;User 834
78123290895;User 835
78123290932;User 836
78123290969;User 837
78123291006;User 838
78123291043;User 839
78123291080;User 840
78123291117;User 841
78123291154;User 842
78123291191;User 843
78123291228;User 844
78123291265;User 845
78123291302;User 846
78123291339;User 847
78123291376;User 848
78123291413;User 849
78123291450;User 850
78123291487;User 851
78123291524;User 852
78123291561;User 853
78123291598;User 854
78123291635;User 855
78123291672;User 856
78123291709;User 857
78123291746;User 858
78123291783;User 859
78123291820;User 860
78123291857;User 861
78123291894;User 862
78123291931;User 863
78123291968;User 864
78123292005;User 865
78123292042;User 866
78123292079;User 867
78123292116;User 868
78123292153;User 869
78123292190;User 870
78123292227;User 871
78123292264;User 872
78123292301;User 873
78123292338;User 874
78123292375;User 875
78123292412;User 876
78123292449;User 877
78123292486;User 878
78123292523;User 879
78123292560;User 880
78123292597;User 881
78123292634;User 882
78123292671;User 883
78123292708;User 884
78123292745;User 885
78123292782;User 886
78123292819;User 887
78123292856;User 888
78123292893;User 889
78123292930;User 890
78123292967;User 891
78123293004;User 892
78123293041;User 893
78123293078;User 894
78123293115;User 895
78123293152;User 896
78123293189;User 897
78123293226;User 898
78123293263;User 899
78123293300;User 900
78123293337;User 901
78123293374;User 902
78123293411;User 903
78123293448;User 904
78123293485;User 905
78123293522;User 906
78123293559;User 907
78123293596;User 908
78123293633;User 909
78123293670;User 910
78123293707;User 911
78123293744;User 912
78123293781;User 913
78123293818;User 914
78123293855;User 915
78123293892;User 916
78123293929;User 917
78123293966;User 918
78123294003;User 919
78123294040;User 920
78123294077;User 921
78123294114;User 922
78123294151;User 923
78123294188;User 924
78123294225;User 925
78123294262;User 926
78123294299;User 927
78123294336;User 928
78123294373;User 929
78123294410;User 930
78123294447;User 931
78123294484;User 932
78123294521;User 933
78123294558;User 934
78123294595;User 935
78123294632;User 936
78123294669;User 937
78123294706;User 938
78123294743;User 939
78123294780;User 940
78123294817;User 941
78123294854;User 942
78123294891;User 943
78123294928;User 944
78123294965;User 945
78123295002;User 946
78123295039;User 947
78123295076;User 948
78123295113;User 949
78123295150;User 950
78123295187;User 951
78123295224;User 952
78123295261;User 953
78123295298;User 954
78123295335;User 955
78123295372;User 956
78123295409;User 957
78123295446;User 958
78123295483;User 959
78123295520;User 960
78123295557;User 961
78123295594;User 962
78123295631;User 963
78123295668;User 964
78123295705;User 965
78123295742;User 966
78123295779;User 967
78123295816;User 968
78123295853;User 969
78123295890;User 970
78123295927;User 971
78123295964;User 972
78123296001;User 973
78123296038;User 974
78123296075;User 975
78123296112;User 976
78123296149;User 977
78123296186;User 978
78123296223;User 979
78123296260;User 980
78123296297;User 981
78123296334;User 982
78123296371;User 983
78123296408;User 984
78123296445;User 985
78123296482;User 986
78123296519;User 987
78123296556;User 988
78123296593;User 989
78123296630;User 990
78123296667;User 991
78123296704;User 992
78123296741;User 993
78123296778;User 994
78123296815;User 995
78123296852;User 996
78123296889;User 997
78123296926;User 998
78123296963;User 999
